{
    "Add a new team member to your team, allowing them to collaborate with you." : "Add a new team member to your team, allowing them to collaborate with you.",
    "A fresh verification link has been sent to your email address.": "Ein neuer Verifizierungslink wurde verschickt.",
    "A new verification link has been sent to the email address you provided during registration.": "A new verification link has been sent to the email address you provided during registration.",
    "Add additional security to your account using two factor authentication." : "Add additional security to your account using two factor authentication.",
    "Add Team Member" : "Add Team Member",
    "Add" : "Add",
    "Added." : "Added.",
    "Administrator users can perform any action." : "Administrator users can perform any action.",
    "Administrator" : "Administrator",
    "All of the people that are part of this team." : "All of the people that are part of this team.",
    "All rights reserved.": "Alle Rechte vorbehalten.",
    "Already registered?": "Already registered?",
    "API Token Permissions" : "API Token Permissions",
    "API Token" : "API Token",
    "API tokens allow third-party services to authenticate with our application on your behalf." : "API tokens allow third-party services to authenticate with our application on your behalf.",
    "API Tokens" : "API Tokens",
    "Are you sure you want to delete this team? Once a team is deleted, all of its resources and data will be permanently deleted." : "Are you sure you want to delete this team? Once a team is deleted, all of its resources and data will be permanently deleted.",
    "Are you sure you want to delete your account? Once your account is deleted, all of its resources and data will be permanently deleted. Please enter your password to confirm you would like to permanently delete your account." : "Are you sure you want to delete your account? Once your account is deleted, all of its resources and data will be permanently deleted. Please enter your password to confirm you would like to permanently delete your account.",
    "Are you sure you would like to delete this API token?" : "Are you sure you would like to delete this API token?",
    "Are you sure you would like to leave this team?" : "Are you sure you would like to leave this team?",
    "Are you sure you would like to remove this person from the team?" : "Are you sure you would like to remove this person from the team?",
    "Before proceeding, please check your email for a verification link.": "Bevor Sie fortfahren, überprüfen Sie bitte Ihr E-Mail-Postfach auf einen Verifizierungslink.",
    "Browser Sessions" : "Browser Sessions",
    "click here to request another": "klicken Sie hier, um einen neuen anzufordern",
    "Close" : "Close",
    "Code" : "Code",
    "Confirm Password": "Passwort bestätigen",
    "Confirm" : "Confirm",
    "Create a new team to collaborate with others on projects." : "Create a new team to collaborate with others on projects.",
    "Create API Token" : "Create API Token",
    "Create New Team" : "Create New Team",
    "Create Team" : "Create Team",
    "Create" : "Create",
    "Created." : "Created.",
    "Current Password" : "Current Password",
    "Dashboard": "Dashboard",
    "Delete Account" : "Delete Account",
    "Delete API Token" : "Delete API Token",
    "Delete Team" : "Delete Team",
    "Delete" : "Delete",
    "Disable" : "Disable",
    "Done." : "Done.",
    "E-Mail Address": "E-Mail-Adresse",
    "Editor users have the ability to read, create, and update." : "Editor users have the ability to read, create, and update.",
    "Editor" : "Editor",
    "Email Password Reset Link": "Email Password Reset Link",
    "Email": "Email",
    "Enable" : "Enable",
    "Ensure your account is using a long, random password to stay secure." : "Ensure your account is using a long, random password to stay secure.",
    "Error": "Fehler",
    "For your security, please confirm your password to continue." : "For your security, please confirm your password to continue.",
    "Forbidden": "Unzulässig",
    "Forgot your password? No problem. Just let us know your email address and we will email you a password reset link that will allow you to choose a new one.": "Forgot your password? No problem. Just let us know your email address and we will email you a password reset link that will allow you to choose a new one.",
    "Forgot your password?": "Forgot your password?",
    "Forgot Your Password?": "Passwort vergessen?",
    "Go Home": "Nach Hause",
    "Go to page :page" : "Go to page :page",
    "Hello!": "Hallo!",
    "hi": "hallo",
    "If necessary, you may logout of all of your other browser sessions across all of your devices. Some of your recent sessions are listed below; however, this list may not be exhaustive. If you feel your account has been compromised, you should also update your password." : "If necessary, you may logout of all of your other browser sessions across all of your devices. Some of your recent sessions are listed below; however, this list may not be exhaustive. If you feel your account has been compromised, you should also update your password.",
    "If you did not create an account, no further action is required.": "Wenn Sie kein Konto beantragt haben, sind keine weiteren Handlungen nötig.",
    "If you did not receive the email": "Wenn Sie keine E-Mail erhalten haben",
    "If you did not request a password reset, no further action is required.": "Wenn Sie keine Zurücksetzung des Passworts beantragt haben sind keine weiteren Handlungen nötig.",
    "If you’re having trouble clicking the \":actionText\" button, copy and paste the URL below\ninto your web browser:": "Wenn Sie Schwierigkeiten haben, die \":actionText\"-Schaltfläche zu drücken, fügen Sie bitte die folgende Adresse in Ihren Browser ein:",
    "Invalid signature.": "Ungültige Signatur.",
    "Last active" : "Last active",
    "Last used" : "Last used",
    "Leave Team" : "Leave Team",
    "Leave" : "Leave",
    "Login": "Anmelden",
    "Logout Other Browser Sessions" : "Logout Other Browser Sessions",
    "Logout": "Abmelden",
    "Manage Account" : "Manage Account",
    "Manage and logout your active sessions on other browsers and devices." : "Manage and logout your active sessions on other browsers and devices.",
    "Manage API Tokens" : "Manage API Tokens",
    "Manage Role" : "Manage Role",
    "Manage Team" : "Manage Team",
    "Name": "Name",
    "Nevermind" : "Nevermind",
    "New Password" : "New Password",
    "Not Found": "Nicht gefunden",
    "of" : "of",
    "Oh no": "Oh nein",
    "Once a team is deleted, all of its resources and data will be permanently deleted. Before deleting this team, please download any data or information regarding this team that you wish to retain." : "Once a team is deleted, all of its resources and data will be permanently deleted. Before deleting this team, please download any data or information regarding this team that you wish to retain.",
    "Once your account is deleted, all of its resources and data will be permanently deleted. Before deleting your account, please download any data or information that you wish to retain." : "Once your account is deleted, all of its resources and data will be permanently deleted. Before deleting your account, please download any data or information that you wish to retain.",
    "Page Expired": "Seite abgelaufen",
    "Page Not Found": "Seite konnte nicht gefunden werden",
    "Pagination Navigation" : "Pagination Navigation",
    "Password": "Passwort",
    "Permanently delete this team." : "Permanently delete this team.",
    "Permanently delete your account." : "Permanently delete your account.",
    "Permissions" : "Permissions",
    "Photo" : "Photo",
    "Please click the button below to verify your email address.": "Bitte klicken Sie auf die Schaltfläche, um Ihre E-Mail-Adresse zu bestätigen.",
    "Please confirm access to your account by entering one of your emergency recovery codes.": "Please confirm access to your account by entering one of your emergency recovery codes.",
    "Please confirm access to your account by entering the authentication code provided by your authenticator application.": "Please confirm access to your account by entering the authentication code provided by your authenticator application.",
    "Please confirm your password before continuing.": "Bitte bestätigen Sie Ihr Passwort bevor Sie fortfahren.",
    "Please copy your new API token. For your security, it won't be shown again." : "Please copy your new API token. For your security, it won't be shown again.",
    "Please enter your password to confirm you would like to logout of your other browser sessions across all of your devices." : "Please enter your password to confirm you would like to logout of your other browser sessions across all of your devices.",
    "Please provide the email address of the person you would like to add to this team. The email address must be associated with an existing account." : "Please provide the email address of the person you would like to add to this team. The email address must be associated with an existing account.",
    "Profile Information" : "Profile Information",
    "Profile" : "Profile",
    "Recovery Code" : "Recovery Code",
    "Regards": "Mit freundlichen Grüssen",
    "Regenerate Recovery Codes" : "Regenerate Recovery Codes",
    "Register": "Registrieren",
    "Remember me" : "Remember me",
    "Remember Me": "Angemeldet bleiben",
    "Remove Photo" : "Remove Photo",
    "Remove Team Member" : "Remove Team Member",
    "Remove" : "Remove",
    "Resend Verification Email": "Resend Verification Email",
    "Reset Password Notification": "Benachrichtigung zum Zurücksetzen des Passworts",
    "Reset Password": "Passwort zurücksetzen",
    "results" : "results",
    "Role" : "Role",
    "Save" : "Save",
    "Saved." : "Saved.",
    "Select A New Photo" : "Select A New Photo",
    "Send Password Reset Link": "Link zum Zurücksetzen des Passworts senden",
    "Server Error": "Interner Fehler",
    "Service Unavailable": "Service nicht verfügbar",
    "Show Recovery Codes" : "Show Recovery Codes",
    "Showing" : "Showing",
    "Sorry, the page you are looking for could not be found.": "Tut uns leid, die Seite konnte nicht gefunden werden.",
    "Sorry, we are doing some maintenance. Please check back soon.": "Tut uns leid, wir arbeiten gerade an unserer Webseite. Bitte versuchen Sie es später erneut.",
    "Sorry, you are forbidden from accessing this page.": "Tut uns leid, Sie haben keine Rechte, diese Seite zu besuchen.",
    "Sorry, you are making too many requests to our servers.": "Tut uns leid, Sie machen derzeit zu viele Anfragen an unseren Server.",
    "Sorry, you are not authorized to access this page.": "Tut uns leid, Sie haben keine Rechte, diese Seite zu besuchen.",
    "Sorry, your session has expired. Please refresh and try again.": "Tut uns leid, Ihre Sitzung ist abgelaufen. Bitte laden Sie die Seite neu und probieren Sie es erneut.",
    "Store these recovery codes in a secure password manager. They can be used to recover access to your account if your two factor authentication device is lost." : "Store these recovery codes in a secure password manager. They can be used to recover access to your account if your two factor authentication device is lost.",
    "Switch Teams" : "Switch Teams",
    "Team Details" : "Team Details",
    "Team Members" : "Team Members",
    "Team Name" : "Team Name",
    "Team Owner" : "Team Owner",
    "Team Settings" : "Team Settings",
    "Thanks for signing up! Before getting started, could you verify your email address by clicking on the link we just emailed to you? If you didn't receive the email, we will gladly send you another." : "Thanks for signing up! Before getting started, could you verify your email address by clicking on the link we just emailed to you? If you didn't receive the email, we will gladly send you another.",
    "The :attribute must be a valid role.": "The :attribute must be a valid role.",
    "The :attribute must be at least :length characters and contain at least one number." : "The :attribute must be at least :length characters and contain at least one number.",
    "The :attribute must be at least :length characters and contain at least one special character." : "The :attribute must be at least :length characters and contain at least one special character.",
    "The :attribute must be at least :length characters and contain at least one uppercase character and one number." : "The :attribute must be at least :length characters and contain at least one uppercase character and one number.",
    "The :attribute must be at least :length characters and contain at least one uppercase character and one special character." : "The :attribute must be at least :length characters and contain at least one uppercase character and one special character.",
    "The :attribute must be at least :length characters and contain at least one uppercase character, one number, and one special character." : "The :attribute must be at least :length characters and contain at least one uppercase character, one number, and one special character.",
    "The :attribute must be at least :length characters and contain at least one uppercase character." : "The :attribute must be at least :length characters and contain at least one uppercase character.",
    "The :attribute must be at least :length characters." : "The :attribute must be at least :length characters.",
    "The provided password does not match your current password." : "The provided password does not match your current password.",
    "The provided password was incorrect." : "The provided password was incorrect.",
    "The provided two factor authentication code was invalid." : "The provided two factor authentication code was invalid.",
    "The team's name and owner information." : "The team's name and owner information.",
    "This action is unauthorized.": "Diese Aktion wurde nicht authorisiert.",
    "This device" : "This device",
    "This password does not match our records.": "This password does not match our records.",
    "This password reset link will expire in :count minutes.": "Dieser Link zum Zurücksetzen des Passworts läuft in :count Minuten ab.",
    "This user already belongs to the team.": "This user already belongs to the team.",
    "to" : "to",
    "Toggle navigation": "Navigation umschalten",
    "Token Name" : "Token Name",
    "Too Many Attempts.": "Zu viele Versuche.",
    "Too Many Requests": "Zu viele Anfragen",
    "Two factor authentication is now enabled. Scan the following QR code using your phone's authenticator application." : "Two factor authentication is now enabled. Scan the following QR code using your phone's authenticator application.",
    "Two Factor Authentication" : "Two Factor Authentication",
    "Unauthorized": "Nicht autorisiert",
    "Update Password" : "Update Password",
    "Update your account's profile information and email address." : "Update your account's profile information and email address.",
    "Use a recovery code": "Use a recovery code",
    "Use an authentication code": "Use an authentication code",
    "Verify Email Address": "E-Mail-Adresse bestätigen",
    "Verify Your Email Address": "Bestätigen Sie Ihre E-Mail-Adresse",
    "We were unable to find a registered user with this email address.": "We were unable to find a registered user with this email address.",
    "We won't ask for your password again for a few hours.": "Wir werden Sie für die nächsten paar Stunden nicht mehr nach dem Passwort fragen.",
    "When two factor authentication is enabled, you will be prompted for a secure, random token during authentication. You may retrieve this token from your phone's Google Authenticator application." : "When two factor authentication is enabled, you will be prompted for a secure, random token during authentication. You may retrieve this token from your phone's Google Authenticator application.",
    "Whoops, something went wrong on our servers.": "Ups, etwas ist schief gelaufen.",
    "Whoops! Something went wrong." : "Whoops! Something went wrong.",
    "Whoops!": "Ups!",
    "You are logged in!": "Sie sind eingeloggt!",
    "You are receiving this email because we received a password reset request for your account.": "Sie erhalten diese E-Mail, weil wir einen Antrag auf eine Zurücksetzung Ihres Passworts bekommen haben.",
    "You have enabled two factor authentication." : "You have enabled two factor authentication.",
    "You have not enabled two factor authentication." : "You have not enabled two factor authentication.",
    "You may delete any of your existing tokens if they are no longer needed." : "You may delete any of your existing tokens if they are no longer needed.",
    "You may not delete your personal team.": "You may not delete your personal team.",
    "You may not leave a team that you created.": "You may not leave a team that you created.",
    "Your email address is not verified.": "Ihre E-Mail Adresse wurde noch nicht bestätigt."
}
