{
    "A new verification link has been sent to the email address you provided during registration.": "A new verification link has been sent to the email address you provided during registration.",
    "Already registered?": "Already registered?",
    "Email Password Reset Link": "Email Password Reset Link",
    "Email": "Email",
    "Forgot your password? No problem. Just let us know your email address and we will email you a password reset link that will allow you to choose a new one.": "Forgot your password? No problem. Just let us know your email address and we will email you a password reset link that will allow you to choose a new one.",
    "Forgot your password?": "Forgot your password?",
    "Hello!": "Tervehdys.",
    "If you did not request a password reset, no further action is required.": "Jos et ole pyytänyt salasanan vaihtoa, sinun ei tarvitse tehdä mitään ja voit poistaa tämän viestin.",
    "If you’re having trouble clicking the \":actionText\" button, copy and paste the URL below\ninto your web browser:": "Jos et pysty klikkaamaan \":actionText\" - nappia, leikkaa ja liimaa alla oleva URL\nselaimeesi:",
    "Please confirm access to your account by entering one of your emergency recovery codes.": "Please confirm access to your account by entering one of your emergency recovery codes.",
    "Please confirm access to your account by entering the authentication code provided by your authenticator application.": "Please confirm access to your account by entering the authentication code provided by your authenticator application.",
    "Regards": "Terveisin",
    "Resend Verification Email": "Resend Verification Email",
    "Reset Password Notification": "Salasanan uudelleenasetusilmoitus",
    "Reset Password": "Vaihdan salasanani",
    "The :attribute must be a valid role.": "The :attribute must be a valid role.",
    "This password does not match our records.": "This password does not match our records.",
    "This user already belongs to the team.": "This user already belongs to the team.",
    "Use a recovery code": "Use a recovery code",
    "Use an authentication code": "Use an authentication code",
    "We were unable to find a registered user with this email address.": "We were unable to find a registered user with this email address.",
    "Whoops!": "Tapahtui virhe.",
    "You are receiving this email because we received a password reset request for your account.": "Saat tämän viestin koska saimme pyynnön vaihtaa salasanasi.",
    "You may not delete your personal team.": "You may not delete your personal team.",
    "You may not leave a team that you created.": "You may not leave a team that you created."
}
