{
    "A fresh verification link has been sent to your email address.": "Գաղտնաբառի վերականգնման հղումն ուղարկվել է ձեր Էլ-փոստի հասցեին։",
    "A new verification link has been sent to the email address you provided during registration.": "A new verification link has been sent to the email address you provided during registration.",
    "All rights reserved.": "Բոլոր իրավունքները պաշտպանված են։",
    "Already registered?": "Already registered?",
    "Before proceeding, please check your email for a verification link.": "Շարունակելուց առաջ խնդրում ենք վերականգնման հղումը ստուգել ձեր Էլ․ փոստում",
    "click here to request another": "Սեղմեք այստեղ ևս մեկ անգամ հայց ուղարկելու համար",
    "Confirm Password": "Հաստատել գաղտնաբառը",
    "E-Mail Address": "Էլ-փոստի հասցե",
    "Email Password Reset Link": "Email Password Reset Link",
    "Email": "Email",
    "Forbidden": "Արգելված է",
    "Forgot your password? No problem. Just let us know your email address and we will email you a password reset link that will allow you to choose a new one.": "Forgot your password? No problem. Just let us know your email address and we will email you a password reset link that will allow you to choose a new one.",
    "Forgot your password?": "Forgot your password?",
    "Forgot Your Password?": "Մոռացել եմ գաղտնաբառս",
    "Go Home": "Գլխավոր էջ",
    "Hello!": "Ողջու՜յն",
    "If you did not create an account, no further action is required.": "Եթե դուք հաշիվ չեք ստեղծել հետագա գործողություններ չեն պահանջվում։",
    "If you did not receive the email": "Եթե դուք չեք ստացել Էլ․ նամակ",
    "If you did not request a password reset, no further action is required.": "Եթե դուք գաղտնաբառի վերականգնման հայցում չեք կատարել հետագա գործողություններ չեն պահանջվում։",
    "If you’re having trouble clicking the \":actionText\" button, copy and paste the URL below\ninto your web browser: [:actionURL](:actionURL)": "Եթե խնդիրներ են առաջացել \":actionText\" կոճակին սեղմելուց, պատճենեք և տեղադրեք\nհասցեն ձեր բրաուզերում: [:actionURL](:actionURL)",
    "Invalid signature.": "Անվավեր ստորագրություն",
    "Login": "Մուտք",
    "Logout": "Դուրս գալ",
    "Name": "Անուն",
    "Not Found": "Չի գտնվել",
    "Oh no": "Օ՜ ոչ",
    "Page Expired": "Էջը ժամկետանց է",
    "Password": "Գաղտնաբառ",
    "Please click the button below to verify your email address.": "Խնդրում ենք սեղմել ներքևի կոճակին՝ ձեր Էլ-փոստի հասցեն հաստատելու համար։",
    "Please confirm access to your account by entering one of your emergency recovery codes.": "Please confirm access to your account by entering one of your emergency recovery codes.",
    "Please confirm access to your account by entering the authentication code provided by your authenticator application.": "Please confirm access to your account by entering the authentication code provided by your authenticator application.",
    "Please confirm your password before continuing.": "Նախքան շարունակելը խնդրում ենք հաստատել ձեր գաղտնաբառը։",
    "Regards": "Հարգանքներով",
    "Register": "Գրանցվել",
    "Remember Me": "Հիշել ինձ",
    "Resend Verification Email": "Resend Verification Email",
    "Reset Password Notification": "Գաղտնաբառի վերականգնման ծանուցում",
    "Reset Password": "Վերականգնել գաղտնաբառը",
    "Send Password Reset Link": "Ուղարկել գաղտնաբառի վերականգնման հղում",
    "Server Error": "Սերվերի սխալ",
    "Service Unavailable": "Ծառայությունն անհասանելի է",
    "Sorry, the page you are looking for could not be found.": "Ներեցեք, էջը, որը դուք փնտրում եք, չի գտնվել։",
    "Sorry, we are doing some maintenance. Please check back soon.": "Ներեցեք, մենք իրականացնում ենք որոշ աշխատանքներ։ Խնդրում ենք նորից ստուգել շուտով։",
    "Sorry, you are forbidden from accessing this page.": "Ներեցեք, ձեզ արգելվում է օգտվել  այս էջից։",
    "Sorry, you are not authorized to access this page.": "Ցավոք, դուք այս էջին հասանելիություն չունեք։",
    "Sorry, your session has expired. Please refresh and try again.": "Ցավոք, ձեր սեսիայի ժամկետը սպառվել է։ Թարմացրեք և փորձեք կրկին։",
    "The :attribute must be a valid role.": "The :attribute must be a valid role.",
    "This action is unauthorized.": "Այս գործողությունը չի թույլատրվում։",
    "This password does not match our records.": "This password does not match our records.",
    "This password reset link will expire in :count minutes.": "Այս գաղտնաբառի վերականգնման հղման  ժամկետը կավարտվի :count րոպեից։",
    "This user already belongs to the team.": "This user already belongs to the team.",
    "Toggle navigation": "Անցնել նավարկմանը",
    "Too Many Attempts.": "Չափազանց շատ փորձեր։",
    "Too Many Requests": "Չափազանց շատ հայցումներ",
    "Unauthorized": "Չթույլատրված",
    "Use a recovery code": "Use a recovery code",
    "Use an authentication code": "Use an authentication code",
    "Verify Email Address": "Հաստատել Էլ-փոստի հասցեն",
    "Verify Your Email Address": "Հաստատել Էլ-փոստի հասցեն",
    "We were unable to find a registered user with this email address.": "We were unable to find a registered user with this email address.",
    "We won't ask for your password again for a few hours.": "Մի քանի ժամվա ընթացքում մենք ձեր գաղտնաբառը նորից չենք հարցնի։",
    "Whoops!": "Հո՜ոպ",
    "You are receiving this email because we received a password reset request for your account.": "Դուք ստանում եք այս Էլ․ նամակը, որովհետև ձեր հաշվից մենք ստացել ենք գաղտնաբառի վերականգնման հայցում։",
    "You may not delete your personal team.": "You may not delete your personal team.",
    "You may not leave a team that you created.": "You may not leave a team that you created.",
    "Your email address is not verified.": "Ձեր Էլ․-փոստի հասցեն հաստատված չէ։"
}
