{
    "A fresh verification link has been sent to your email address.": "新しい確認リンクを送りました。",
    "A new verification link has been sent to the email address you provided during registration.": "A new verification link has been sent to the email address you provided during registration.",
    "All rights reserved.": "",
    "Already registered?": "Already registered?",
    "Before proceeding, please check your email for a verification link.": "次に進む前に、確認リンクのメールをチェックしてください。",
    "click here to request another": "ここをクリックしてメールを再送信してください。",
    "Confirm Password": "パスワード（確認用）",
    "E-Mail Address": "メールアドレス",
    "Email Password Reset Link": "Email Password Reset Link",
    "Email": "Email",
    "Error": "エラー",
    "Forbidden": "禁止されています",
    "Forgot your password? No problem. Just let us know your email address and we will email you a password reset link that will allow you to choose a new one.": "Forgot your password? No problem. Just let us know your email address and we will email you a password reset link that will allow you to choose a new one.",
    "Forgot your password?": "Forgot your password?",
    "Forgot Your Password?": "パスワードを忘れた方はこちら",
    "Go Home": "ホームへ",
    "Hello!": "こんにちは",
    "hi": "こんにちは",
    "If you did not create an account, no further action is required.": "アカウントの作成にお心当たりが無い場合は、このメールを無視してください。",
    "If you did not receive the email": "メールが届かなかった場合",
    "If you did not request a password reset, no further action is required.": "パスワードのリセットにお心当たりが無い場合は、このメールを無視してください。",
    "If you’re having trouble clicking the \":actionText\" button, copy and paste the URL below\ninto your web browser:": "\":actionText\" ボタンが機能しない場合は, 次のURLをコピーしてWebブラウザに貼り付けてください。[:displayableActionUrl](:actionURL)",
    "Login": "ログイン",
    "Logout": "ログアウト",
    "Name": "氏名",
    "Oh no": "オーノー",
    "Page Expired": "期限切れのページ",
    "Page Not Found": "ページが見つかりません",
    "Password": "パスワード",
    "Please click the button below to verify your email address.": "メールアドレスを確認するには、下のボタンをクリックしてください。",
    "Please confirm access to your account by entering one of your emergency recovery codes.": "Please confirm access to your account by entering one of your emergency recovery codes.",
    "Please confirm access to your account by entering the authentication code provided by your authenticator application.": "Please confirm access to your account by entering the authentication code provided by your authenticator application.",
    "Regards": "よろしくお願いします",
    "Register": "アカウント作成",
    "Remember Me": "ログイン状態を保持する",
    "Resend Verification Email": "Resend Verification Email",
    "Reset Password Notification": "パスワードリセット通知",
    "Reset Password": "パスワードリセット",
    "Send Password Reset Link": "パスワードリセットリンクを送信",
    "Service Unavailable": "サービスは利用できません",
    "Sorry, the page you are looking for could not be found.": "申し訳ありません、探しているページは見つかりませんでした。",
    "Sorry, we are doing some maintenance. Please check back soon.": "申し訳ありません、メンテナンス中です。あとでもう一度確認してください。",
    "Sorry, you are forbidden from accessing this page.": "申し訳ありません、このページへのアクセスは禁止されています。",
    "Sorry, you are making too many requests to our servers.": "申し訳ありません、一定時間内のリクエスト上限回数を超えました。",
    "Sorry, you are not authorized to access this page.": "申し訳ありません、このページにアクセスする権限がありません。",
    "Sorry, your session has expired. Please refresh and try again.": "申し訳ありません、セッションは期限切れです。更新してもう一度やり直してください。",
    "The :attribute must be a valid role.": "The :attribute must be a valid role.",
    "This password does not match our records.": "This password does not match our records.",
    "This user already belongs to the team.": "This user already belongs to the team.",
    "Toggle navigation": "ナビゲーションを切り替える",
    "Too Many Requests": "大量のリクエストがありました",
    "Unauthorized": "認証が必要です",
    "Use a recovery code": "Use a recovery code",
    "Use an authentication code": "Use an authentication code",
    "Verify Email Address": "メールアドレスを確認",
    "Verify Your Email Address": "メールアドレスを確認してください",
    "We were unable to find a registered user with this email address.": "We were unable to find a registered user with this email address.",
    "Whoops!": "おっと！",
    "Whoops, something went wrong on our servers.": "おっと、サーバーで何か問題が発生しました。",
    "You are receiving this email because we received a password reset request for your account.": "パスワードリセットのリクエストを受け付けました。",
    "You may not delete your personal team.": "You may not delete your personal team.",
    "You may not leave a team that you created.": "You may not leave a team that you created."
}
