{
    "A fresh verification link has been sent to your email address.": "ನಿಮ್ಮ ಇಮೇಲ್ ವಿಳಾಸಕ್ಕೆ ಹೊಸ ಪರಿಶೀಲನೆ ಲಿಂಕ್ ಅನ್ನು ಕಳುಹಿಸಲಾಗಿದೆ.",
    "A new verification link has been sent to the email address you provided during registration.": "A new verification link has been sent to the email address you provided during registration.",
    "All rights reserved.": "ಎಲ್ಲ ಹಕ್ಕುಗಳನ್ನು ಕಾಯ್ದಿರಿಸಲಾಗಿದೆ.",
    "Already registered?": "Already registered?",
    "Before proceeding, please check your email for a verification link.": "ಮುಂದುವರಿಯುವ ಮೊದಲು, ದಯವಿಟ್ಟು ಪರಿಶೀಲನಾ ಲಿಂಕ್ಗಾಗಿ ನಿಮ್ಮ ಇಮೇಲ್ ಅನ್ನು ಪರಿಶೀಲಿಸಿ.",
    "click here to request another": "ಮತ್ತೊಂದನ್ನು ಕೇಳಲು ಇಲ್ಲಿ ಕ್ಲಿಕ್ ಮಾಡಿ",
    "Confirm Password": "ಪಾಸ್ವರ್ಡ್ ದೃಢೀಕರಿಸಿ",
    "E-Mail Address": "ಇಮೇಲ್ ವಿಳಾಸ",
    "Email Password Reset Link": "Email Password Reset Link",
    "Email": "Email",
    "Error": "ದೋಷ",
    "Forbidden": "ನಿಷೇಧಿಸಲಾಗಿದೆ",
    "Forgot your password? No problem. Just let us know your email address and we will email you a password reset link that will allow you to choose a new one.": "Forgot your password? No problem. Just let us know your email address and we will email you a password reset link that will allow you to choose a new one.",
    "Forgot your password?": "Forgot your password?",
    "Forgot Your Password?": "ನಿಮ್ಮ ಪಾಸ್ವರ್ಡ್ ಮರೆತಿರಾ?",
    "Go Home": "ಮುಖಪುಟಕ್ಕೆ  ಹೋಗು",
    "Hello!": "ಹಲೋ!",
    "hi": "ಹಾಯ್ ",
    "If you did not create an account, no further action is required.": "ನೀವು ಖಾತೆಯೊಂದನ್ನು ರಚಿಸದಿದ್ದರೆ, ಹೆಚ್ಚಿನ ಕ್ರಮಗಳ ಅಗತ್ಯವಿಲ್ಲ.",
    "If you did not receive the email": "ನೀವು ಇಮೇಲ್ ಸ್ವೀಕರಿಸದಿದ್ದರೆ ",
    "If you did not request a password reset, no further action is required.": "ಪಾಸ್ವರ್ಡ್ ಮರುಹೊಂದಿಸಲು ನೀವು ವಿನಂತಿಸದಿದ್ದರೆ, ಹೆಚ್ಚಿನ ಕ್ರಮಗಳ ಅಗತ್ಯವಿಲ್ಲ.",
    "If you’re having trouble clicking the \":actionText\" button, copy and paste the URL below\ninto your web browser:": " \":actionText\" ಗುಂಡಿಯನ್ನು ಕ್ಲಿಕ್ ಮಾಡುವಲ್ಲಿ ನೀವು ತೊಂದರೆ ಹೊಂದಿದ್ದರೆ, ನಿಮ್ಮ ವೆಬ್ ಬ್ರೌಸರ್ಗೆ ಕೆಳಗಿನ URL ನಕಲಿಸಿ ಮತ್ತು ಅಂಟಿಸಿ: ",
    "Login": "ಲಾಗಿನ್",
    "Logout": "ಲಾಗ್ ಔಟ್",
    "Name": "ಹೆಸರು",
    "Oh no": "ಓಹ್ ಇಲ್ಲ",
    "Page Expired": "ಪುಟದ ಅವಧಿ ಮುಗಿದಿದೆ",
    "Page Not Found": "ಪುಟ ಕಂಡುಬಂದಿಲ್ಲ",
    "Password": "ಪಾಸ್ವರ್ಡ್",
    "Please click the button below to verify your email address.": "ನಿಮ್ಮ ಇಮೇಲ್ ವಿಳಾಸವನ್ನು ಪರಿಶೀಲಿಸಲು ಕೆಳಗಿನ ಬಟನ್ ಕ್ಲಿಕ್ ಮಾಡಿ.",
    "Please confirm access to your account by entering one of your emergency recovery codes.": "Please confirm access to your account by entering one of your emergency recovery codes.",
    "Please confirm access to your account by entering the authentication code provided by your authenticator application.": "Please confirm access to your account by entering the authentication code provided by your authenticator application.",
    "Regards": "ಅಭಿನಂದನೆಗಳು",
    "Register": "ನೋಂದಣಿ",
    "Remember Me": "ನನ್ನನ್ನು ನೆನಪಿನಲ್ಲಿಡು",
    "Resend Verification Email": "Resend Verification Email",
    "Reset Password Notification": "ಪಾಸ್ವರ್ಡ್ ಅಧಿಸೂಚನೆ ಮರುಹೊಂದಿಸಿ",
    "Reset Password": "ಪಾಸ್ವರ್ಡ್ ಮರುಹೊಂದಿಸಿ",
    "Send Password Reset Link": "ಪಾಸ್ವರ್ಡ್ ಮರುಹೊಂದಿಸುವ ಲಿಂಕ್ ಕಳುಹಿಸಿ",
    "Service Unavailable": "ಸೇವೆ ಲಭ್ಯವಿಲ್ಲ",
    "Sorry, the page you are looking for could not be found.": "ಕ್ಷಮಿಸಿ, ನೀವು ಹುಡುಕುತ್ತಿರುವ ಪುಟವನ್ನು ಹುಡುಕಲಾಗಲಿಲ್ಲ.",
    "Sorry, we are doing some maintenance. Please check back soon.": "ಕ್ಷಮಿಸಿ, ನಾವು ಕೆಲವು ನಿರ್ವಹಣೆ ಮಾಡುತ್ತಿದ್ದೇವೆ. ದಯವಿಟ್ಟು ಶೀಘ್ರದಲ್ಲಿಯೇ ಪರಿಶೀಲಿಸಿ.",
    "Sorry, you are forbidden from accessing this page.": "ಕ್ಷಮಿಸಿ, ಈ ಪುಟ ಪ್ರವೇಶಿಸುವುದನ್ನು ನಿಷೇಧಿಸಲಾಗಿದೆ.",
    "Sorry, you are making too many requests to our servers.": "ಕ್ಷಮಿಸಿ, ನೀವು ನಮ್ಮ ಸರ್ವರ್ಗಳಿಗೆ ಹೆಚ್ಚಿನ ವಿನಂತಿಗಳನ್ನು ಮಾಡುತ್ತಿದ್ದೀರಿ.",
    "Sorry, you are not authorized to access this page.": "ಕ್ಷಮಿಸಿ, ಈ ಪುಟವನ್ನು ಪ್ರವೇಶಿಸಲು ನೀವು ಅಧಿಕಾರ ಹೊಂದಿಲ್ಲ.",
    "Sorry, your session has expired. Please refresh and try again.": "ಕ್ಷಮಿಸಿ, ನಿಮ್ಮ ಅಧಿವೇಶನವು ಮುಗಿದಿದೆ. ದಯವಿಟ್ಟು ರಿಫ್ರೆಶ್ ಮಾಡಿ ಮತ್ತು ಮತ್ತೆ ಪ್ರಯತ್ನಿಸಿ.",
    "The :attribute must be a valid role.": "The :attribute must be a valid role.",
    "This password does not match our records.": "This password does not match our records.",
    "This password reset link will expire in :count minutes.": "ಈ ಪಾಸ್ವರ್ಡ್ ಮರುಹೊಂದಿಸುವ ಲಿಂಕ್ ಈ ಅವಧಿ :count ನಿಮಿಷಗಳಲ್ಲಿ  ಮುಗಿಯುತ್ತದೆ.",
    "This user already belongs to the team.": "This user already belongs to the team.",
    "Toggle navigation": "ಟಾಗಲ್ ಸಂಚರಣೆ",
    "Too Many Requests": "ಹಲವಾರು ವಿನಂತಿಗಳು",
    "Unauthorized": "ಅನಧಿಕೃತ",
    "Use a recovery code": "Use a recovery code",
    "Use an authentication code": "Use an authentication code",
    "Verify Email Address": "ಇಮೇಲ್ ವಿಳಾಸವನ್ನು ಪರಿಶೀಲಿಸಿ",
    "Verify Your Email Address": "ನಿಮ್ಮ ಇಮೇಲ್ ವಿಳಾಸವನ್ನು ಪರಿಶೀಲಿಸಿ",
    "We were unable to find a registered user with this email address.": "We were unable to find a registered user with this email address.",
    "Whoops!": "ಓಹ್!",
    "Whoops, something went wrong on our servers.": "ಓಹ್, ನಮ್ಮ ಸರ್ವರ್ಗಳಲ್ಲಿ ಯಾವುದೋ ತಪ್ಪು ಸಂಭವಿಸಿದೆ.",
    "You are receiving this email because we received a password reset request for your account.": "ನಿಮ್ಮ ಖಾತೆಗಾಗಿ ಪಾಸ್ವರ್ಡ್ ಮರುಹೊಂದಿಸುವ ವಿನಂತಿಯನ್ನು ನಾವು ಸ್ವೀಕರಿಸಿದ್ದೇವೆಂದು ನೀವು ಈ ಇಮೇಲ್ ಅನ್ನು ಸ್ವೀಕರಿಸುತ್ತಿರುವಿರಿ.",
    "You may not delete your personal team.": "You may not delete your personal team.",
    "You may not leave a team that you created.": "You may not leave a team that you created."
}
