{
    "A fresh verification link has been sent to your email address.": "새로운 확인 링크가 당신의 이메일 주소로 보내졌습니다.",
    "A new verification link has been sent to the email address you provided during registration.": "새로운 확인 링크가 등록시 사용한 이메일 주소로 보내졌습니다.",
    "Add a new team member to your team, allowing them to collaborate with you.": "팀에 새 팀원을 추가하여 팀원과 협업 할 수 있습니다.",
    "Add additional security to your account using two factor authentication.": "2 단계 인증을 사용하여 계정에 추가 보안을 추가하세요.",
    "Add Team Member": "팀 멤버 추가",
    "Add": "추가",
    "Added.": "추가됨.",
    "Administrator users can perform any action.": "관리자는 모든 작업을 수행 할 수 있습니다.",
    "Administrator": "관리자",
    "All of the people that are part of this team.": "이 팀에 소속된 모든 사람들.",
    "All rights reserved.": "무단 전재 금지.",
    "Already registered?": "계정이 있으신가요?",
    "API Token Permissions": "API 토큰 권한",
    "API Token": "API 토큰",
    "API tokens allow third-party services to authenticate with our application on your behalf.": "API 토큰을 허용하면 타(third-party) 서비스에서 당신을 대신에서 애플리케이션 인증 할 수 있습니다.",
    "API Tokens": "API 토큰들",
    "Are you sure you want to delete this team? Once a team is deleted, all of its resources and data will be permanently deleted.": "이 팀을 삭제 하시겠습니까? 팀이 삭제되면 모든 리소스와 데이터가 영구적으로 삭제됩니다.",
    "Are you sure you want to delete your account? Once your account is deleted, all of its resources and data will be permanently deleted. Please enter your password to confirm you would like to permanently delete your account.": "계정을 삭제 하시겠습니까? 계정이 삭제되면 모든 리소스와 데이터가 영구적으로 삭제됩니다. 계정을 영구적으로 삭제할 것인지 확인하려면 비밀번호를 입력하세요.",
    "Are you sure you would like to delete this API token?": "정말 이 API 토큰을 삭제 하시겠습니까?",
    "Are you sure you would like to leave this team?": "정말 이 팀에서 탈퇴 하시겠습니까?",
    "Are you sure you would like to remove this person from the team?": "정말 이 사람을 팀에서 제거 하시겠습니까?",
    "Before proceeding, please check your email for a verification link.": "계속하기 전에 이메일에서 확인 링크를 확인하십시오.",
    "Browser Sessions": "브라우저 세션",
    "click here to request another": "여기를 클릭하여 다른 것을 요청하십시오.",
    "Close": "닫기",
    "Code": "코드",
    "Confirm Password": "비밀번호 확인",
    "Confirm": "확인",
    "Create a new team to collaborate with others on projects.": "프로젝트에서 다른 사람들과 협력 할 새 팀을 만드세요.",
    "Create API Token": "API 토큰 생성",
    "Create New Team": "새 Team 생성",
    "Create Team": "Team 생성",
    "Create": "생성",
    "Created.": "생성된.",
    "Current Password": "현재 비밀번호",
    "Dashboard": "대시보드",
    "Delete Account": "계정 삭제",
    "Delete API Token": "API 토큰 삭제",
    "Delete Team": "Team 삭제",
    "Delete": "삭제",
    "Disable": "비활성화",
    "Done.": "완료.",
    "E-Mail Address": "E-Mail 주소",
    "Editor users have the ability to read, create, and update.": "에디터 유저는 읽기, 생성, 수정 할 수 있습니다.",
    "Editor": "에디터",
    "Email Password Reset Link": "이메일 비밀번호 재설정 링크",
    "Email": "이메일",
    "Enable": "활성화",
    "Ensure your account is using a long, random password to stay secure.": "계정이 보안을 유지하기 위해 길고 랜덤한 암호를 사용하고 있는지 확인하세요.",
    "For your security, please confirm your password to continue.": "보안을 위해, 계속하려면 비밀번호를 확인하세요.",
    "Forbidden": "금지",
    "Forgot your password? No problem. Just let us know your email address and we will email you a password reset link that will allow you to choose a new one.": "비밀번호를 잊어 버렸습니까? 이메일 주소를 알려 주시면 새 주소를 선택할 수있는 비밀번호 재설정 링크를 이메일로 보내드립니다.",
    "Forgot your password?": "비밀번호를 잊으셨나요?",
    "Forgot Your Password?": "비밀번호를 잊으셨나요?",
    "Go Home": "시작으로 이동",
    "Go to page :page": ":page 페이지로 이동",
    "Hello!": "안녕하세요!",
    "If necessary, you may logout of all of your other browser sessions across all of your devices. Some of your recent sessions are listed below; however, this list may not be exhaustive. If you feel your account has been compromised, you should also update your password.": "필요한 경우 모든 장치에서 다른 모든 브라우저 세션에서 로그아웃 할 수 있습니다. 최근 세션 중 일부는 다음과 같습니다. 그러나이 목록은 완전하지 않을 수 있습니다. 계정이 도용되었다고 생각되면 비밀번호도 업데이트해야합니다.",
    "If you did not create an account, no further action is required.": "계정을 생성하지 않았다면 추가 조치가 필요하지 않습니다.",
    "If you did not receive the email": "이메일을 받지 못한 경우",
    "If you did not request a password reset, no further action is required.": "귀하께서 비밀번호 재설정을 요청하지 않으셨다면, 더이상 진행하지 마십시오.",
    "If you’re having trouble clicking the \":actionText\" button, copy and paste the URL below\ninto your web browser:": "\":actionText\" 단추를 클릭하는 데 문제가 있는 경우 아래 URL을 복사하여\n웹 브라우저에 붙여 넣으십시오:",
    "Invalid signature.": "잘못된 시그니처.",
    "Last active": "마지막 액션",
    "Last used": "마지막 사용",
    "Leave Team": "Team 떠나기",
    "Leave": "떠나기",
    "Login": "로그인",
    "Logout Other Browser Sessions": "다른 브라우저 세션에서 로그아웃",
    "Logout": "로그아웃",
    "Manage Account": "계정 관리",
    "Manage and logout your active sessions on other browsers and devices.": "다른 브라우저 및 장치에서 활성 세션을 관리하고 로그아웃합니다.",
    "Manage API Tokens": "API 토큰 관리",
    "Manage Role": "Role 관리",
    "Manage Team": "Team 관리",
    "Name": "이름",
    "Nevermind": "신경쓰지마",
    "New Password": "새 비밀번호",
    "Not Found": "찾을 수 없습니다",
    "of": "의(of)",
    "Oh no": "안 돼",
    "Once a team is deleted, all of its resources and data will be permanently deleted. Before deleting this team, please download any data or information regarding this team that you wish to retain.": "팀이 삭제되면 모든 리소스와 데이터가 영구적으로 삭제됩니다. 이 팀을 삭제하기 전에 유지하려는이 팀에 관한 데이터 또는 정보를 다운로드하세요.",
    "Once your account is deleted, all of its resources and data will be permanently deleted. Before deleting your account, please download any data or information that you wish to retain.": "계정이 삭제되면 모든 리소스와 데이터가 영구적으로 삭제됩니다. 계정을 삭제하기 전에 유지하려는 데이터 또는 정보를 다운로드하세요.",
    "Page Expired": "만료된 페이지",
    "Pagination Navigation": "페이지네이션(Pagination) 네비게이션(Navigation)",
    "Password": "비밀번호",
    "Permanently delete this team.": "이 팀을 영구적으로 삭제합니다.",
    "Permanently delete your account.": "계정을 영구적으로 삭제합니다.",
    "Permissions": "권한",
    "Photo": "사진",
    "Please click the button below to verify your email address.": "이메일 주소를 확인하려면 아래 버튼을 클릭하십시오.",
    "Please confirm access to your account by entering one of your emergency recovery codes.": "긴급 복구 코드 중 하나를 입력하여 계정에 대한 액세스를 확인하세요.",
    "Please confirm access to your account by entering the authentication code provided by your authenticator application.": "인증 프로그램에서 제공 한 인증 코드를 입력하여 계정에 대한 액세스를 확인하세요.",
    "Please confirm your password before continuing.": "계속하기 전에 암호를 확인하십시오.",
    "Please copy your new API token. For your security, it won't be shown again.": "새 API 토큰을 복사하십시오. 보안을 위해 다시 표시되지 않습니다.",
    "Please enter your password to confirm you would like to logout of your other browser sessions across all of your devices.": "모든 장치에서 다른 브라우저 세션에서 로그아웃 할 것인지 확인하려면 암호를 입력하세요.",
    "Please provide the email address of the person you would like to add to this team. The email address must be associated with an existing account.": "이 팀에 추가 할 사람의 이메일 주소를 입력하세요. 이메일 주소는 기존 계정과 연결되어야합니다.",
    "Profile Information": "프로필 정보",
    "Profile": "프로필",
    "Recovery Code": "복구 코드",
    "Regards": "안부",
    "Regenerate Recovery Codes": "복구 코드 재생성",
    "Register": "회원가입",
    "Remember Me": "로그인 상태 유지",
    "Remember me": "로그인 상태 유지",
    "Remove Photo": "사진 제거",
    "Remove Team Member": "Team 멤버 제거",
    "Remove": "제거",
    "Resend Verification Email": "확인 메일 다시 보내기",
    "Reset Password Notification": "비밀번호 재설정 알림",
    "Reset Password": "비밀번호 재설정",
    "results": "결과",
    "Role": "역할(Role)",
    "Save": "저장",
    "Saved.": "저장됨.",
    "Select A New Photo": "새로운 사진을 선택하세요.",
    "Send Password Reset Link": "비밀번호 재설정 링크 보내기",
    "Server Error": "서버 에러",
    "Service Unavailable": "서비스를 사용할 수 없습니다.",
    "Show Recovery Codes": "재설정 코드 보기",
    "Showing": "보기",
    "Store these recovery codes in a secure password manager. They can be used to recover access to your account if your two factor authentication device is lost.": "이러한 복구 코드를 안전한 암호 관리자에 저장하세요. 2 단계 인증 장치를 분실 한 경우 계정에 대한 액세스를 복구하는 데 사용할 수 있습니다.",
    "Switch Teams": "Teams 전환",
    "Team Details": "Team 디테일",
    "Team Members": "Team 멤버",
    "Team Name": "Team 이름",
    "Team Owner": "Team 주인",
    "Team Settings": "Team 설정",
    "Thanks for signing up! Before getting started, could you verify your email address by clicking on the link we just emailed to you? If you didn't receive the email, we will gladly send you another.": "가입 해 주셔서 감사합니다! 시작하기 전에 방금 이메일로 보낸 링크를 클릭하여 이메일 주소를 확인할 수 있습니까? 이메일을받지 못한 경우 다른 이메일을 보내 드리겠습니다.",
    "The :attribute must be a valid role.": ":attribute 는 반드시 유요한 역할이여야 합니다.",
    "The :attribute must be at least :length characters and contain at least one number.": ":attribute 는 반드시 적어도 :length 글자 이상 그리고 하나 이상의 숫자를 포함해야합니다.",
    "The :attribute must be at least :length characters and contain at least one special character.": ":attribute 는 반드시 :length 글자 이상 그리고 하나 이상의 특수 문자를 포함해야합니다.",
    "The :attribute must be at least :length characters and contain at least one uppercase character and one number.": ":attribute 는 반드시 :length 글자 이상 그리고 하나 이상의 대문자, 숫자를 포함해야합니다.",
    "The :attribute must be at least :length characters and contain at least one uppercase character and one special character.": ":attribute 는 반드시 :length 글자 이상 그리고 하나 이상의 대문자, 특수문자를 포함해야합니다.",
    "The :attribute must be at least :length characters and contain at least one uppercase character, one number, and one special character.": ":attribute 는 반드시 :length 글자 이상 그리고 하나 이상의 대문자, 숫자, 그리고 특수문자를 포함해야합니다.",
    "The :attribute must be at least :length characters and contain at least one uppercase character.": ":attribute 는 반드시 :length 글자 이상 그리고 하나 이상의 대문자를 포함해야합니다.",
    "The :attribute must be at least :length characters.": ":attribute 는 반드시 :length 글자 이상이여야 합니다.",
    "The provided password does not match your current password.": "제공된 비밀번호가 현재 비밀번호와 일치하지 않습니다.",
    "The provided password was incorrect.": "제공된 비밀번호가 올바르지 않습니다.",
    "The provided two factor authentication code was invalid.": "제공된 2 단계 인증 코드가 잘못되었습니다.",
    "The team's name and owner information.": "팀의 이름과 소유자 정보.",
    "This action is unauthorized.": "이 조치는 승인되지 않습니다.",
    "This device": "이 디바이스",
    "This password does not match our records.": "비밀번호가 일치하지 않습니다.",
    "This password reset link will expire in :count minutes.": "이 비밀번호 재설정 링크는 :count분 후에 만료됩니다.",
    "This user already belongs to the team.": "이 사용자는 이미 팀에 속해 있습니다.",
    "to": "에(to)",
    "Toggle navigation": "토글 네비게이션",
    "Token Name": "Token 이름",
    "Too Many Attempts.": "너무 많은 시도들.",
    "Too Many Requests": "너무 많은 요청들",
    "Two factor authentication is now enabled. Scan the following QR code using your phone's authenticator application.": "이제 2 단계 인증이 활성화되었습니다. 휴대전화의 인증 애플리케이션을 사용하여 다음 QR 코드를 스캔하세요.",
    "Two Factor Authentication": "2 단계 인증",
    "Unauthorized": "승인되지 않음",
    "Update Password": "비밀번호 업데이트",
    "Update your account's profile information and email address.": "계정의 프로필 정보와 이메일 주소를 업데이트하세요.",
    "Use a recovery code": "복구 코드 사용",
    "Use an authentication code": "인증 코드 사용",
    "Verify Email Address": "이메일 주소 확인",
    "Verify Your Email Address": "너의 이메일 주소 확인",
    "We were unable to find a registered user with this email address.": "이 이메일 주소로 등록 된 사용자를 찾을 수 없습니다.",
    "We won't ask for your password again for a few hours.": "몇 시간 동안 비밀번호를 다시 묻지 않습니다.",
    "When two factor authentication is enabled, you will be prompted for a secure, random token during authentication. You may retrieve this token from your phone's Google Authenticator application.": "2 단계 인증이 활성화되면 인증 중에 안전한 임의의 토큰을 입력하라는 메시지가 표시됩니다. 휴대 전화의 Google Authenticator 애플리케이션에서이 토큰을 검색 할 수 있습니다.",
    "Whoops! Something went wrong.": "Whoops! 뭔가 잘못 되었습니다.",
    "Whoops!": "이런!(Whoops!)",
    "You are logged in!": "로그인되었습니다!",
    "You are receiving this email because we received a password reset request for your account.": "귀하의 계정에 비밀번호 재설정이 요청되어 해당 메일이 발송되었습니다.",
    "You have enabled two factor authentication.": "2 단계 인증을 활성화했습니다.",
    "You have not enabled two factor authentication.": "2 단계 인증을 활성화하지 않았습니다.",
    "You may delete any of your existing tokens if they are no longer needed.": "더 이상 필요하지 않은 경우 기존 토큰을 삭제할 수 있습니다.",
    "You may not delete your personal team.": "개인 팀을 삭제할 수 없습니다.",
    "You may not leave a team that you created.": "자신이 만든 팀을 탈퇴 할 수 없습니다.",
    "Your email address is not verified.": "이메일 주소가 확인되지 않습니다."
}
