{
    "A fresh verification link has been sent to your email address.": "En ny bekreftelseslenke har blitt sendt til e-postadressen din.",
    "A new verification link has been sent to the email address you provided during registration.": "A new verification link has been sent to the email address you provided during registration.",
    "All rights reserved.": "Alle rettigheter forbeholdt.",
    "Already registered?": "Already registered?",
    "Before proceeding, please check your email for a verification link.": "Før du fortsetter, vennligst sjekk e-posten din og se etter en bekreftelseslenke.",
    "click here to request another": "klikk her for å be om en ny",
    "Confirm Password": "Bekreft passord",
    "E-Mail Address": "E-postadresse",
    "Email Password Reset Link": "Email Password Reset Link",
    "Email": "Email",
    "Error": "Feil",
    "Forbidden": "Forbudt",
    "Forgot your password? No problem. Just let us know your email address and we will email you a password reset link that will allow you to choose a new one.": "Forgot your password? No problem. Just let us know your email address and we will email you a password reset link that will allow you to choose a new one.",
    "Forgot your password?": "Forgot your password?",
    "Forgot Your Password?": "Glemt passordet ditt?",
    "Go Home": "Gå til forsiden",
    "Hello!": "Hallo!",
    "hi": "hei",
    "If you did not create an account, no further action is required.": "Dersom du ikke har opprettet en konto, trenger du ikke foreta deg noe.",
    "If you did not receive the email": "Dersom du ikke har mottatt e-posten",
    "If you did not request a password reset, no further action is required.": "Dersom du ikke har bedt om å nullstille passordet, trenger du ikke foreta deg noe.",
    "If you’re having trouble clicking the \":actionText\" button, copy and paste the URL below\ninto your web browser:": "Dersom du har problemer med å klikke \":actionText\"-knappen, kopier og lim nettadressen nedenfor\ninn i nettleseren din:",
    "Invalid signature.": "Ugyldig signatur.",
    "Login": "Logg inn",
    "Logout": "Logg ut",
    "Name": "Navn",
    "Not Found": "Ikke funnet",
    "Oh no": "Å nei",
    "Page Expired": "Siden har utløpt",
    "Page Not Found": "Siden ble ikke funnet",
    "Password": "Passord",
    "Please click the button below to verify your email address.": "Vennligst klikk på knappen nedenfor for å bekrefte e-postadressen din.",
    "Please confirm access to your account by entering one of your emergency recovery codes.": "Please confirm access to your account by entering one of your emergency recovery codes.",
    "Please confirm access to your account by entering the authentication code provided by your authenticator application.": "Please confirm access to your account by entering the authentication code provided by your authenticator application.",
    "Regards": "Vennlig hilsen",
    "Register": "Registrer",
    "Remember Me": "Husk meg",
    "Resend Verification Email": "Resend Verification Email",
    "Reset Password Notification": "Varsling om å nullstille passord",
    "Reset Password": "Nullstill passord",
    "Send Password Reset Link": "Send lenke for å nullstille passordet",
    "Server Error": "Server-feil",
    "Service Unavailable": "Tjenesten er utilgjengelig",
    "Sorry, the page you are looking for could not be found.": "Beklager, siden du ser etter ble ikke funnet.",
    "Sorry, we are doing some maintenance. Please check back soon.": "Beklager, vi utfører litt vedlikehold. Vennligst prøv igjen snart.",
    "Sorry, you are forbidden from accessing this page.": "Beklager, denne siden er forbudt for deg.",
    "Sorry, you are forbidden to access this page.": "Beklager, denne siden er forbudt for deg.",
    "Sorry, you are making too many requests to our servers.": "Beklager, du sender for mange forespørsler til våre servere.",
    "Sorry, you are not authorized to access this page.": "Beklager, du er ikke autorisert til å besøke denne siden.",
    "Sorry, your session has expired. Please refresh and try again.": "Beklager, økten din har utløpt. Last siden på nytt og prøv igjen.",
    "The :attribute must be a valid role.": "The :attribute must be a valid role.",
    "This action is unauthorized.": "Denne handlingen er uautorisert.",
    "This password does not match our records.": "This password does not match our records.",
    "This password reset link will expire in :count minutes.": "Lenken for å nullstille passordet utløper om :count minutter.",
    "This user already belongs to the team.": "This user already belongs to the team.",
    "Toggle navigation": "Vis/skjul navigasjon",
    "Too Many Attempts.": "For mange forsøk.",
    "Too Many Requests": "For mange forespørsler",
    "Unauthorized": "Uautorisert",
    "Use a recovery code": "Use a recovery code",
    "Use an authentication code": "Use an authentication code",
    "Verify Email Address": "Bekreft e-postadresse",
    "Verify Your Email Address": "Bekreft e-postadressen din",
    "We were unable to find a registered user with this email address.": "We were unable to find a registered user with this email address.",
    "Whoops!": "Oisann!",
    "Whoops, something went wrong on our servers.": "Oisann, noe har gått galt på serverne våre.",
    "You are receiving this email because we received a password reset request for your account.": "Du får denne e-posten fordi vi har mottatt en forespørsel om å nullstille passordet til kontoen din.",
    "You may not delete your personal team.": "You may not delete your personal team.",
    "You may not leave a team that you created.": "You may not leave a team that you created.",
    "Your email address is not verified.": "E-postadressen din er ikke bekreftet."
}
