{
    "A fresh verification link has been sent to your email address.": "नयाँ ईमेल प्रमाणिकरण लिंक तपाईको इ-मेल ठेगानामा पठाइएको छ।",
    "A new verification link has been sent to the email address you provided during registration.": "A new verification link has been sent to the email address you provided during registration.",
    "All rights reserved.": "सबै अधिकार सुरक्षित।",
    "Already registered?": "Already registered?",
    "Before proceeding, please check your email for a verification link.": "अघि बढ्नु अघि कृपया तपाईंको ईमेल प्रमाणिकरण लिंकका लागि जाँच गर्नुहोस्",
    "click here to request another": "अर्को अनुरोध गर्न यहाँ क्लिक गर्नुहोस्",
    "Confirm Password": "पासवर्ड सुनिश्चित गर्नुहोस",
    "Dashboard": "ड्यासबोर्ड",
    "E-Mail Address": "इ - मेल ठेगाना",
    "Email Password Reset Link": "Email Password Reset Link",
    "Email": "Email",
    "Forbidden": "निषेध गरिएको",
    "Forgot your password? No problem. Just let us know your email address and we will email you a password reset link that will allow you to choose a new one.": "Forgot your password? No problem. Just let us know your email address and we will email you a password reset link that will allow you to choose a new one.",
    "Forgot your password?": "Forgot your password?",
    "Forgot Your Password?": "तपाईको पासवर्ड बिर्सनुभयो?",
    "Go Home": "घर जाउ",
    "Hello!": "नमस्कार!",
    "If you did not create an account, no further action is required.": "यदि तपाईंले खाता सिर्जना गर्नुभएको छैन भने, अगाडि कुनै कार्यको आवश्यक पर्दैन।",
    "If you did not receive the email": "यदि तपाईंले ईमेल प्राप्त गर्नुभएको छैन भने",
    "If you did not request a password reset, no further action is required.": "यदि तपाईंले पासवर्ड रिसेट अनुरोध गर्नुभएन भने, अगाडि कुनै कार्य आवश्यक पर्दैन।",
    "If you’re having trouble clicking the \":actionText\" button, copy and paste the URL below\ninto your web browser:": "यदि तपाईंलाई क्लिक गर्दा समस्या भइरहेको छ भने \":actionText\" बटन, प्रतिलिपि गरेर तल URL लाई टाँस्नुहोस् वेब n तपाइँको वेब ब्राउजर:",
    "Invalid signature.": "अवैध हस्ताक्षर।",
    "Login": "लगइन",
    "Logout": "लगआउट",
    "Name": "नाम",
    "Not Found": "फेला परेन",
    "Oh no": "ओह होइन",
    "Page Expired": "पृष्ठ समयावधि सकियो",
    "Password": "पासवर्ड",
    "Please click the button below to verify your email address.": "कृपया तलको बटन क्लिक गर्नुहोस् तपाईंको ईमेल ठेगाना प्रमाणित गर्न।",
    "Please confirm access to your account by entering one of your emergency recovery codes.": "Please confirm access to your account by entering one of your emergency recovery codes.",
    "Please confirm access to your account by entering the authentication code provided by your authenticator application.": "Please confirm access to your account by entering the authentication code provided by your authenticator application.",
    "Please confirm your password before continuing.": "कृपया जारी राख्नु अघि तपाईंको पासवर्ड पुष्टि गर्नुहोस्।",
    "Regards": "सादर",
    "Register": "दर्ता गर्नुहोस्",
    "Remember Me": "मलाई सम्झनुहोस्",
    "Resend Verification Email": "Resend Verification Email",
    "Reset Password Notification": "पासवर्ड सूचना रिसेट गर्नुहोस्",
    "Reset Password": "पासवर्ड रिसेट गर्नुहोस्",
    "Send Password Reset Link": "पासवर्ड रिसेट लिंक पठाउनुहोस्",
    "Server Error": "सर्भर त्रुटि",
    "Service Unavailable": "सेवा अनुपलब्ध",
    "The :attribute must be a valid role.": "The :attribute must be a valid role.",
    "This action is unauthorized.": "यो कार्य अनधिकृत छ।",
    "This password does not match our records.": "This password does not match our records.",
    "This password reset link will expire in :count minutes.": "यस पासवर्ड रिसेट लिंकको म्याद सकिन्छ :count minutes.",
    "This user already belongs to the team.": "This user already belongs to the team.",
    "Toggle navigation": "टगल नेभिगेसन",
    "Too Many Attempts.": "धेरै धेरै प्रयासहरू।",
    "Too Many Requests": "धेरै धेरै अनुरोधहरू",
    "Unauthorized": "अनधिकृत",
    "Use a recovery code": "Use a recovery code",
    "Use an authentication code": "Use an authentication code",
    "Verify Email Address": "ईमेल ठेगाना प्रमाणित गर्नुहोस्",
    "Verify Your Email Address": "तपाईको इ-मेल ठेगाना प्रमाणित गर्नुहोस्",
    "We were unable to find a registered user with this email address.": "We were unable to find a registered user with this email address.",
    "We won't ask for your password again for a few hours.": "हामी तपाइँको पासवर्ड केहि घण्टा फेरि सोध्ने छैनौं।",
    "Whoops!": "उफ्!",
    "You are logged in!": "तपाईं लग इन हुनुहुन्छ!",
    "You are receiving this email because we received a password reset request for your account.": "तपाईं यो ईमेल प्राप्त गर्दै हुनुहुन्छ किनकि हामीले तपाईंको खाताको लागि पासवर्ड रिसेट अनुरोध प्राप्त गर्यौं।",
    "You may not delete your personal team.": "You may not delete your personal team.",
    "You may not leave a team that you created.": "You may not leave a team that you created.",
    "Your email address is not verified.": "तपाईको इ-मेल ठेगाना प्रमाणित गरिएको छैन।"
}
