{
    "A fresh verification link has been sent to your email address.": "Er is een nieuwe verificatielink naar je e-mailadres verstuurd.",
    "A new verification link has been sent to the email address you provided during registration.": "Er is een nieuwe verificatielink verstuurd naar het e-mailadres dat u ingegeven heeft tijdens uw registratie.",
    "API Token Permissions": "API-tokenrechten",
    "API Token": "API-token",
    "API Tokens": "API-tokens",
    "API tokens allow third-party services to authenticate with our application on your behalf.": "Met API-tokens kunnen andere services zich als u authenticeren in onze applicatie.",
    "Add Team Member": "Teamlid toevoegen",
    "Add a new team member to your team, allowing them to collaborate with you.": "Voeg een nieuw teamlid toe aan uw team, zodat ze met u kunnen samenwerken.",
    "Add additional security to your account using two factor authentication.": "Voeg extra beveiliging toe aan uw account met tweefactorauthenticatie.",
    "Add": "Toevoegen",
    "Added.": "Toegevoegd",
    "Administrator users can perform any action.": "Beheerders kunnen elke actie uitvoeren.",
    "Administrator": "Beheerder",
    "All of the people that are part of this team.": "Alle mensen die deel uitmaken van dit team.",
    "All rights reserved.": "Alle rechten voorbehouden.",
    "Already registered?": "Al geregistreerd?",
    "Are you sure you want to delete this team? Once a team is deleted, all of its resources and data will be permanently deleted.": "Weet u zeker dat u dit team wilt verwijderen? Zodra een team is verwijderd, worden al zijn bronnen en gegevens ook permanent verwijderd.",
    "Are you sure you want to delete your account? Once your account is deleted, all of its resources and data will be permanently deleted. Please enter your password to confirm you would like to permanently delete your account.": "Bent u zeker dat u uw account permanent wilt verwijderen? Als uw account wordt verwijderd, worden alle gekoppelde bestanden en gegevens ook permanent verwijderd. Gelieve uw wachtwoord in te geven om te bevestigen dat u uw account permanent wilt verwijderen.",
    "Are you sure you would like to delete this API token?": "Weet u zeker dat u deze API-token wilt verwijderen?",
    "Are you sure you would like to leave this team?": "Weet u zeker dat u dit team wilt verlaten?",
    "Are you sure you would like to remove this person from the team?": "Weet u zeker dat u deze persoon uit het team wilt verwijderen?",
    "Before proceeding, please check your email for a verification link.": "Om verder te gaan, check je e-mail voor een verificatielink.",
    "Browser Sessions": "Browsersessies",
    "click here to request another": "vraag hier een andere aan",
    "Close": "Sluit",
    "Code": "Code",
    "Confirm Password": "Bevestig wachtwoord",
    "Confirm": "Bevestig",
    "Create API Token": "Maak een API-token",
    "Create New Team": "Maak nieuw team aan",
    "Create Team": "Maak team aan",
    "Create a new team to collaborate with others on projects.": "Maak een nieuw team aan om met anderen aan projecten samen te werken.",
    "Create": "Maak aan",
    "Created.": "Aangemaakt.",
    "Current Password": "Huidig wachtwoord",
    "Dashboard": "Dashboard",
    "Delete API Token": "API-token Verwijderen",
    "Delete Account": "Account Verwijderen",
    "Delete Team": "Team Verwijderen",
    "Delete": "Verwijder",
    "Disable": "Schakel uit",
    "Done.": "Klaar.",
    "E-Mail Address": "E-mailadres",
    "Editor users have the ability to read, create, and update.": "Redacteurs hebben de bevoegdheid om te lezen, te creëren en te bewerken.",
    "Editor": "Redacteur",
    "Email Password Reset Link": "Verstuur link",
    "Email": "Email",
    "Enable": "Schakel in",
    "Ensure your account is using a long, random password to stay secure.": "Zorg ervoor dat uw account een lang, willekeurig wachtwoord gebruikt om veilig te blijven.",
    "Error": "Fout",
    "For your security, please confirm your password to continue.": "Bevestig voor uw veiligheid uw wachtwoord om door te gaan.",
    "Forbidden": "Geen toegang",
    "Forgot Your Password?": "Wachtwoord Vergeten?",
    "Forgot your password? No problem. Just let us know your email address and we will email you a password reset link that will allow you to choose a new one.": "Wachtwoord vergeten? Geen probleem. Geef hier uw e-mailadres in en we sturen u een link via mail waarmee u een nieuw wachtwoord kan instellen.",
    "Forgot your password?": "Wachtwoord vergeten?",
    "Go Home": "Terug naar de voorpagina",
    "Go to page :page": "Ga naar pagina :page",
    "Hello!": "Hallo!",
    "hi": "hallo",
    "If necessary, you may logout of all of your other browser sessions across all of your devices. Some of your recent sessions are listed below; however, this list may not be exhaustive. If you feel your account has been compromised, you should also update your password.": "Indien nodig kunt u zich afmelden op alle andere browser sessies op al uw apparaten. Enkele van uw recente sessies staan hieronder vermeld. Het is echter mogelijk dat deze lijst niet volledig is. Als u denkt dat uw account is gehackt, kunt u ook best uw wachtwoord aanpassen.",
    "If you did not create an account, no further action is required.": "Als je geen account hebt aangemaakt hoef je verder niets te doen.",
    "If you did not receive the email": "Als je de e-mail niet hebt ontvangen:",
    "If you did not request a password reset, no further action is required.": "Als je geen wachtwoordherstel hebt aangevraagd, hoef je verder niets te doen.",
    "If you’re having trouble clicking the \":actionText\" button, copy and paste the URL below\ninto your web browser:": "Als je problemen hebt met de \":actionText\" knop, kopieer en plak de URL hieronder\nin je webbrowser:",
    "Invalid signature.": "Ongeldige handtekening.",
    "Last active": "Laatst actief",
    "Last used": "Laatst gebruikt",
    "Leave Team": "Team Verlaten",
    "Leave": "Verlaat",
    "Login": "Inloggen",
    "Logout Other Browser Sessions": "Afmelden bij alle sessies",
    "Logout": "Uitloggen",
    "Manage API Tokens": "Beheer API-tokens",
    "Manage Account": "Accountbeheer",
    "Manage Role": "Beheer Rol",
    "Manage Team": "Beheer Team",
    "Manage and logout your active sessions on other browsers and devices.": "Beheer uw actieve sessies op andere browsers en andere apparaten.",
    "Name": "Naam",
    "Nevermind": "Laat maar",
    "New Password": "Nieuw wachtwoord",
    "Not Found": "Niet gevonden",
    "of": "van",
    "Oh no": "Oh nee",
    "Once a team is deleted, all of its resources and data will be permanently deleted. Before deleting this team, please download any data or information regarding this team that you wish to retain.": "Zodra een team is verwijderd, worden al zijn bronnen en gegevens permanent verwijderd. Download voordat u dit team verwijdert alle gegevens of informatie over dit team die u wilt behouden.",
    "Once your account is deleted, all of its resources and data will be permanently deleted. Before deleting your account, please download any data or information that you wish to retain.": "Als uw account wordt verwijderd, worden alle gekoppelde bestanden en gegevens ook permanent verwijderd. Gelieve alle data die u wenst te behouden op te slaan voordat u uw account verwijderd.",
    "Page Expired": "Pagina niet meer geldig",
    "Page Not Found": "Pagina niet gevonden",
    "Pagination Navigation": "Paginanavigatie",
    "Password": "Wachtwoord",
    "Permanently delete this team.": "Verwijder dit team definitief.",
    "Permanently delete your account.": "Verwijder je account permanent.",
    "Permissions": "Rechten",
    "Photo": "foto",
    "Please click the button below to verify your email address.": "Klik op de knop hieronder om je e-mailadres te verifiëren.",
    "Please confirm access to your account by entering one of your emergency recovery codes.": "Bevestig de toegang tot uw account door een van uw noodherstelcodes in te voeren.",
    "Please confirm access to your account by entering the authentication code provided by your authenticator application.": "Bevestig de toegang tot uw account door de authenticatiecode in te voeren die door uw authenticator-applicatie is aangemaakt.",
    "Please confirm your password before continuing.": "Bevestig je wachtwoord om verder te gaan.",
    "Please copy your new API token. For your security, it won't be shown again.": "Kopieer uw nieuwe API-token. Voor uw veiligheid zal het niet opnieuw getoond worden.",
    "Please enter your password to confirm you would like to logout of your other browser sessions across all of your devices.": "Voer uw wachtwoord in om te bevestigen dat u zich wilt afmelden van uw andere browsersessies op al uw apparaten.",
    "Please provide the email address of the person you would like to add to this team. The email address must be associated with an existing account.": "Geef het e-mailadres op van de persoon die u aan dit team wilt toevoegen. Het e-mailadres moet zijn gekoppeld aan een bestaand account.",
    "Profile Information": "Profiel Informatie",
    "Profile": "Profiel",
    "Recovery Code": "Herstelcode",
    "Regards": "Met vriendelijke groet",
    "Regenerate Recovery Codes": "Herstelcodes Opnieuw Genereren",
    "Register": "Registreren",
    "Remember Me": "Onthoud mij",
    "Remember me": "Onthouden",
    "Remove Photo": "Foto Verwijderen",
    "Remove Team Member": "Teamlid Verwijderen",
    "Remove": "Verwijder",
    "Resend Verification Email": "Verificatiemail opnieuw versturen",
    "Reset Password Notification": "Wachtwoordherstel notificatie",
    "Reset Password": "Wachtwoord herstellen",
    "results": "resultaten",
    "Role": "Rol",
    "Save": "Opslaan",
    "Saved.": "Opgeslagen.",
    "Select A New Photo": "Selecteer Een Nieuwe Foto",
    "Send Password Reset Link": "Verstuur link voor wachtwoordherstel",
    "Server Error": "Server fout",
    "Service Unavailable": "Website onbeschikbaar",
    "Show Recovery Codes": "Toon herstelcodes",
    "Showing": "Toont",
    "Sorry, the page you are looking for could not be found.": "Sorry, deze pagina kon niet gevonden worden.",
    "Sorry, we are doing some maintenance. Please check back soon.": "Sorry, we zijn op dit moment bezig met onderhoud. Probeer het straks nog eens.",
    "Sorry, you are forbidden from accessing this page.": "Sorry, je mag deze pagina niet opvragen.",
    "Sorry, you are making too many requests to our servers.": "Sorry, je doet teveel aanvragen naar onze servers.",
    "Sorry, you are not authorized to access this page.": "Sorry, je hebt geen toegang tot deze pagina.",
    "Sorry, your session has expired. Please refresh and try again.": "Sorry, je sessie is verlopen. Herlaad de pagina en probeer het opnieuw.",
    "Store these recovery codes in a secure password manager. They can be used to recover access to your account if your two factor authentication device is lost.": "Bewaar deze herstelcodes in een beveiligde wachtwoordbeheerder. Ze kunnen worden gebruikt om de toegang tot uw account te herstellen als uw tweefactorauthenticatieapparaat verloren is gegaan.",
    "Switch Teams": "Wissel Van Team",
    "Team Details": "Teamdetails",
    "Team Members": "Teamleden",
    "Team Name": "Teamnaam",
    "Team Owner": "Team Eigenaar",
    "Team Settings": "Team Instellingen",
    "Thanks for signing up! Before getting started, could you verify your email address by clicking on the link we just emailed to you? If you didn't receive the email, we will gladly send you another.": "Bedankt voor je registratie! Wilt u voordat u begint uw e-mailadres verifiëren door op de link te klikken die we u zojuist via mail hebben verstuurd? Als je de e-mail niet hebt ontvangen, sturen we je graag een nieuwe.",
    "The :attribute must be a valid role.": "Het :attribute moet een geldige rol zijn.",
    "The :attribute must be at least :length characters and contain at least one number.": "Het :attribute moet minimaal :length tekens lang zijn en minimaal één cijfer bevatten.",
    "The :attribute must be at least :length characters and contain at least one special character.": "Het :attribute moet minimaal :length tekens lang zijn en minstens één speciaal karakter bevatten.",
    "The :attribute must be at least :length characters and contain at least one uppercase character and one number.": "Het :attribute moet minstens :length tekens lang zijn en minstens één hoofdletter en één cijfer bevatten.",
    "The :attribute must be at least :length characters and contain at least one uppercase character and one special character.": "Het :attribute moet minimaal :length tekens lang zijn en minimaal één hoofdletter en één speciaal teken bevatten.",
    "The :attribute must be at least :length characters and contain at least one uppercase character, one number, and one special character.": "Het :attribute moet minstens :length tekens lang zijn en minstens één hoofdletter, één cijfer en één speciaal teken bevatten.",
    "The :attribute must be at least :length characters and contain at least one uppercase character.": "Het :attribute moet minimaal :length tekens lang zijn en minimaal één hoofdletter bevatten.",
    "The :attribute must be at least :length characters.": "Het :attribute moet minstens :length karakters lang zijn.",
    "The provided password does not match your current password.": "Het opgegeven wachtwoord komt niet overeen met uw huidige wachtwoord.",
    "The provided password was incorrect.": "Het opgegeven wachtwoord is onjuist.",
    "The provided two factor authentication code was invalid.": "De opgegeven tweefactorauthenticatiecode was ongeldig.",
    "The team's name and owner information.": "De naam van het team en de informatie over de eigenaar.",
    "This action is unauthorized.": "Deze actie is niet toegestaan.",
    "This device": "Dit apparaat",
    "This is a secure area of the application. Please confirm your password before continuing.": "Dit is een beveiligd gedeelte van de applicatie. Bevestig uw wachtwoord voordat u doorgaat.",
    "This password does not match our records.": "Het wachtwoord is onbekend.",
    "This password reset link will expire in :count minutes.": "Deze link om je wachtwoord te herstellen verloopt over :count minuten.",
    "This user already belongs to the team.": "Deze gebruiker is al toegewezen aan het team.",
    "to": "tot",
    "Toggle navigation": "Schakel navigatie",
    "Token Name": "Token Naam",
    "Too Many Attempts.": "Te veel pogingen.",
    "Too Many Requests": "Te veel serververzoeken",
    "Two Factor Authentication": "Twee-factorenauthenticatie",
    "Two factor authentication is now enabled. Scan the following QR code using your phone's authenticator application.": "Twee-factor-authenticatie is nu ingeschakeld. Scan de volgende QR-code met de authenticatie applicatie op uw telefoon.",
    "Unauthorized": "Onbevoegd",
    "Update Password": "Wachtwoord Aanpassen",
    "Update your account's profile information and email address.": "Pas uw profiel informatie en e-mailadres aan.",
    "Use a recovery code": "Gebruik een herstelcode",
    "Use an authentication code": "Gebruik een autorisatiecode",
    "Verify Email Address": "Verifieer e-mailadres",
    "Verify Your Email Address": "Verifieer je e-mailadres",
    "We were unable to find a registered user with this email address.": "Er is geen gebruiker met dit mailadres.",
    "We won't ask for your password again for a few hours.": "We zullen je de komende uren niet nogmaals om je wachtwoord vragen.",
    "When two factor authentication is enabled, you will be prompted for a secure, random token during authentication. You may retrieve this token from your phone's Google Authenticator application.": "Als tweefactorauthenticatie is ingeschakeld, wordt u tijdens de authenticatie om een veilige, willekeurige token gevraagd. U kunt dit token ophalen uit de Google Authenticator-applicatie op uw telefoon.",
    "Whoops! Something went wrong.": "Oeps! Er is iets misgelopen.",
    "Whoops!": "Oeps!",
    "Whoops, something went wrong on our servers.": "Oeps, er ging iets fout op onze servers.",
    "You are logged in!": "Je bent ingelogd!",
    "You are receiving this email because we received a password reset request for your account.": "Je ontvangt deze e-mail omdat we een wachtwoordherstel verzoek hebben ontvangen voor je account.",
    "You have enabled two factor authentication.": "U heeft tweefactorauthenticatie ingeschakeld.",
    "You have not enabled two factor authentication.": "U heeft tweefactorauthenticatie niet ingeschakeld.",
    "You may delete any of your existing tokens if they are no longer needed.": "U kunt al uw bestaande tokens verwijderen als ze niet langer nodig zijn.",
    "You may not delete your personal team.": "Je mag je persoonlijke team niet verwijderen.",
    "You may not leave a team that you created.": "Je kan het team dat je aangemaakt hebt niet verlaten.",
    "Your email address is not verified.": "Je e-mailadres is niet geverifieerd."
}
