{
    "A fresh verification link has been sent to your email address.": "Am trimis un nou link de verificare pe adresa dvs. de e-mail",
    "A new verification link has been sent to the email address you provided during registration.": "A new verification link has been sent to the email address you provided during registration.",
    "All rights reserved.": "Toate drepturile rezervate.",
    "Already registered?": "Already registered?",
    "Before proceeding, please check your email for a verification link.": "Înainte de a continua, vă rugăm să verificați e-mailul pentru link-ul de verificare.",
    "click here to request another": "apăsați aici pentru a solicita altul",
    "Confirm Password": "Confirmare parolă",
    "E-Mail Address": "Adresă de e-mail",
    "Email Password Reset Link": "Email Password Reset Link",
    "Email": "Email",
    "Forbidden": "Interzis",
    "Forgot your password? No problem. Just let us know your email address and we will email you a password reset link that will allow you to choose a new one.": "Forgot your password? No problem. Just let us know your email address and we will email you a password reset link that will allow you to choose a new one.",
    "Forgot Your Password?": "Ați uitat parola?",
    "Forgot your password?": "Forgot your password?",
    "Go Home": "Acasă",
    "Hello!": "Bună!",
    "If you did not create an account, no further action is required.": "Dacă nu ați creat un cont, puteți ignora acest mesaj.",
    "If you did not receive the email": "Dacă nu ați primit e-mailul",
    "If you did not request a password reset, no further action is required.": "Dacă nu ați solicitat o resetare de parolă, puteți ignora acest mesaj.",
    "If you’re having trouble clicking the \":actionText\" button, copy and paste the URL below\ninto your web browser:": "Dacă nu puteți apăsa pe butonul \":actionText\", copiați și alipiți adresa de mai jos în navigatorul dvs:",
    "Invalid signature.": "Semnătură incorectă.",
    "Login": "Autentificare",
    "Logout": "Deautentificare",
    "Name": "Nume",
    "Not Found": "Negăsit",
    "Oh no": "O, nu",
    "Page Expired": "Pagina a expirat",
    "Password": "Parolă",
    "Please click the button below to verify your email address.": "Vă rugăm să apăsați pe butonul de mai jos pentru a verifica adresa dvs. de e-mail.",
    "Please confirm access to your account by entering one of your emergency recovery codes.": "Please confirm access to your account by entering one of your emergency recovery codes.",
    "Please confirm access to your account by entering the authentication code provided by your authenticator application.": "Please confirm access to your account by entering the authentication code provided by your authenticator application.",
    "Please confirm your password before continuing.": "Vă rugam să confirmați parola înainte de a continua.",
    "Regards": "Toate cele bune",
    "Register": "Înregistrare",
    "Remember Me": "Ține-mă minte",
    "Resend Verification Email": "Resend Verification Email",
    "Reset Password Notification": "Notificare resetare parolă",
    "Reset Password": "Resetare parolă",
    "Send Password Reset Link": "Trimite link-ul pentru resetarea parolei",
    "Server Error": "Eroare de server",
    "Service Unavailable": "Serviciu indisponibil",
    "The :attribute must be a valid role.": "The :attribute must be a valid role.",
    "This action is unauthorized.": "Această acțiune nu este permisă.",
    "This password does not match our records.": "This password does not match our records.",
    "This password reset link will expire in :count minutes.": "Acest link de resetare a parolei va expira în :count minute.",
    "This user already belongs to the team.": "This user already belongs to the team.",
    "Toggle navigation": "Comută navigarea",
    "Too Many Attempts.": "Prea multe încercări.",
    "Too Many Requests": "Prea multe cereri",
    "Unauthorized": "Nepermis",
    "Use a recovery code": "Use a recovery code",
    "Use an authentication code": "Use an authentication code",
    "Verify Email Address": "Verificare adresă de e-mail",
    "Verify Your Email Address": "Verificați-vă adresa de e-mail",
    "We were unable to find a registered user with this email address.": "We were unable to find a registered user with this email address.",
    "We won't ask for your password again for a few hours.": "Nu vă vom mai solicita adresa de e-mail pentru câteva ore",
    "Whoops!": "Oops!",
    "You are receiving this email because we received a password reset request for your account.": "Primiți acest mesaj pentru că a fost înregistrată o solicitare de resetare a parolei pentru contul asociat acestei adrese de e-mail.",
    "You may not delete your personal team.": "You may not delete your personal team.",
    "You may not leave a team that you created.": "You may not leave a team that you created.",
    "Your email address is not verified.": "Adresa dvs. de e-mail nu este verificată."
}
