{
    "Add a new team member to your team, allowing them to collaborate with you." : "Ekibinize yeni bir ekip üyesi ekleyerek, sizinle işbirliği yapmalarına izin verin.",
    "A fresh verification link has been sent to your email address.": "Yeni bir doğrulama bağlantısı e-posta adresinize gönderildi.",
    "A new verification link has been sent to the email address you provided during registration.": "Üyelik esnasında kullandığınız e-posta adresinize onay linki gönderildi.",
    "Add additional security to your account using two factor authentication." : "İki faktörlü kimlik doğrulama kullanarak hesabınıza ek güvenlik ekleyin.",
    "Add Team Member" : "Ekip Üyesi Ekle",
    "Add" : "Ekle",
    "Added." : "Eklendi.",
    "Administrator users can perform any action." : "Yöneticiler herhangi bir eylemi gerçekleştirebilir.",
    "Administrator" : "Yönetici",
    "All of the people that are part of this team." : "Bu ekibin parçası olan tüm kişiler.",
    "All rights reserved.": "Tüm hakları saklıdır.",
    "Already registered?": "Zaten Üye Misiniz?",
    "API Token Permissions" : "API Jeton İzinleri",
    "API Token" : "API Jeton",
    "API tokens allow third-party services to authenticate with our application on your behalf." : "API jetonları, üçüncü taraf hizmetlerin sizin adınıza uygulamamızla kimlik doğrulaması yapmasına izin verir.",
    "API Tokens" : "API Jetonları",
    "Are you sure you want to delete this team? Once a team is deleted, all of its resources and data will be permanently deleted." : "Bu takımı silmek istediğinizden emin misiniz? Bir ekip silindiğinde, tüm kaynakları ve verileri kalıcı olarak silinecektir.",
    "Are you sure you want to delete your account? Once your account is deleted, all of its resources and data will be permanently deleted. Please enter your password to confirm you would like to permanently delete your account." : "Hesabınızı silmek istediğinizden emin misiniz? Hesabınız silindiğinde, tüm kaynakları ve verileri kalıcı olarak silinecektir. Lütfen hesabınızı kalıcı olarak silmek istediğinizi onaylamak için şifrenizi girin.",
    "Are you sure you would like to delete this API token?" : "Bu API jetonunu silmek istediğinizden emin misiniz?",
    "Are you sure you would like to leave this team?" : "Bu kişiyi takımdan çıkarmak istediğinizden emin misiniz?",
    "Are you sure you would like to remove this person from the team?" : "Bu kişiyi takımdan çıkarmak istediğinizden emin misiniz?",
    "Before proceeding, please check your email for a verification link.": "Devam etmeden önce, doğrulama bağlantısı için lütfen e-postanızı kontrol edin.",
    "Browser Sessions" : "Tarayıcı Oturumları",
    "click here to request another": "başka bir tane daha talep etmek için tıklayın",
    "Close" : "Kapat",
    "Code" : "Kod",
    "Confirm Password": "Parolayı Onayla",
    "Confirm" : "Onayla",
    "Create a new team to collaborate with others on projects." : "Başkalarıyla projelerde işbirliği yapmak için yeni bir ekip oluşturun.",
    "Create API Token" : "Api Jetonu Oluştur",
    "Create New Team" : "Yeni Ekip Oluştur",
    "Create Team" : "Ekip Oluştur",
    "Create" : "Oluştur",
    "Created." : "Oluşturuldu.",
    "Current Password" : "Geçerli Şifre",
    "Dashboard": "Gösterge Paneli",
    "Delete Account" : "Hesabı Sil",
    "Delete API Token" : "API Jetonunu Sil",
    "Delete Team" : "Ekibi Sil",
    "Delete" : "Sil",
    "Disable" : "Devre Dışı Bırak",
    "Done." : "Bitti.",
    "E-Mail Address": "E-Posta Adresi",
    "Editor users have the ability to read, create, and update." : "Editörler okuma, oluşturma ve güncelleme yapabilir.",
    "Editor" : "Editör",
    "Email Password Reset Link": "E-Posta Şifre Sıfırlama Linki",
    "Email": "E-Posta",
    "Enable" : "Etkinleştirme",
    "Ensure your account is using a long, random password to stay secure." : "Hesabınızın güvenliğini korumak için uzun, rastgele karakterlerden oluşan bir şifre kullandığınızdan emin olun.",
    "Error": "Hata",
    "For your security, please confirm your password to continue." : "Güvenliğiniz için lütfen devam etmek için şifrenizi onaylayın.",
    "Forbidden": "Yasak",
    "Forgot your password? No problem. Just let us know your email address and we will email you a password reset link that will allow you to choose a new one.": "Şifrenizi mi unuttunuz? Sorun değil. Sadece e-posta adresinizi bize söyleyin size yeni şifrenizi belirleyebileceğiniz bir parola sıfırlama linki gönderelim.",
    "Forgot Your Password?": "Parolamı Unuttum?",
    "Forgot your password?": "Şifrenizi mi unuttunuz?",
    "Go Home": "Anasayfaya Git",
    "Go to page :page" : "Sayfaya :page git ",
    "Hello!": "Merhaba!",
    "hi": "merhaba",
    "If necessary, you may logout of all of your other browser sessions across all of your devices. Some of your recent sessions are listed below; however, this list may not be exhaustive. If you feel your account has been compromised, you should also update your password." : "Gerekirse, tüm cihazlarınızdaki diğer tüm tarayıcı oturumlarınızdan çıkış yapabilirsiniz. Son oturumlarınızın bazıları aşağıda listelenmiştir; ancak bu liste kapsamlı olmayabilir. Hesabınızın ele geçirildiğini düşünüyorsanız, şifrenizi de güncellemelisiniz.",
    "If you did not create an account, no further action is required.": "Bir hesap oluşturmadıysanız, başka bir işlem yapmanıza gerek yoktur.",
    "If you did not receive the email": "E-postayı almadıysanız",
    "If you did not request a password reset, no further action is required.": "Bir parola sıfırlama talebinde bulunmadıysanız, başka bir işlem yapmanıza gerek yoktur.",
    "If you’re having trouble clicking the \":actionText\" button, copy and paste the URL below\ninto your web browser:": "\":actionText\" düğmesine tıklamakta sorun yaşıyorsanız, aşağıdaki bağlantıyı kopyalayıp\ntarayıcınıza yapıştırın: [:actionURL](:actionURL)",
    "Invalid signature.": "Geçersiz imza.",
    "Last active" : "Son aktiflik",
    "Last used" : "Son kullanım",
    "Leave Team" : "Takımdan Ayrıl",
    "Leave" : "Ayrıl",
    "Login": "Giriş Yap",
    "Logout Other Browser Sessions" : "Diğer Tarayıcılardan Oturumu Kapatın",
    "Logout": "Çıkış Yap",
    "Manage Account" : "Hesabı Yönet",
    "Manage and logout your active sessions on other browsers and devices." : "Diğer tarayıcılarda ve cihazlarda aktif oturumlarınızı yönetin ve oturumu kapatın.",
    "Manage API Tokens" : "API Jetonlarını Yönetin",
    "Manage Role" : "Rolü Yönet",
    "Manage Team" : "Takımı Yönet",
    "Name": "Ad",
    "Nevermind" : "Boşver",
    "New Password" : "Yeni Şifre",
    "Not Found": "Bulunamadı",
    "of" : "of",
    "Oh no": "Ah hayır",
    "Once a team is deleted, all of its resources and data will be permanently deleted. Before deleting this team, please download any data or information regarding this team that you wish to retain." : "Bir ekip silindiğinde, tüm kaynakları ve verileri kalıcı olarak silinecektir. Bu ekibi silmeden önce, lütfen bu ekiple ilgili saklamak istediğiniz tüm verileri veya bilgileri indirin.",
    "Once your account is deleted, all of its resources and data will be permanently deleted. Before deleting your account, please download any data or information that you wish to retain." : "Hesabınız silindiğinde, tüm kaynakları ve verileri kalıcı olarak silinecektir. Hesabınızı silmeden önce lütfen saklamak istediğiniz tüm verileri veya bilgileri indirin.",
    "Page Expired": "Sayfa zaman aşımına uğradı",
    "Page Not Found": "Sayfa Bulunamadı",
    "Pagination Navigation" : "Sayfalandırma Çubuğu",
    "Password": "Parola",
    "Permanently delete this team." : "Bu ekibi temelli sil",
    "Permanently delete your account." : "Hesabını temelli sil",
    "Permissions" : "İzinler",
    "Photo" : "Resim",
    "Please click the button below to verify your email address.": "E-posta adresinizi doğrulamak için lütfen aşağıdaki düğmeye tıklayın.",
    "Please confirm access to your account by entering one of your emergency recovery codes.": "Girişinizi onaylamak için lütfen hesap kurtarma kodlarınızdan birini girin.",
    "Please confirm access to your account by entering the authentication code provided by your authenticator application.": "Lütfen kimlik doğrulayıcı uygulamanız tarafından sağlanan kimlik doğrulama kodunu girerek hesabınıza erişimi onaylayın.",
    "Please confirm your password before continuing.": "Devam etmeden önce lütfen parolanızı onaylayın.",
    "Please copy your new API token. For your security, it won't be shown again." : "Lütfen yeni API jetonunuzu kopyalayın. Güvenliğiniz için bir daha gösterilmeyecek.",
    "Please enter your password to confirm you would like to logout of your other browser sessions across all of your devices." : "Lütfen tüm cihazlarınızdaki diğer tarayıcı oturumlarınızdan çıkış yapmak istediğinizi onaylamak için şifrenizi girin.",
    "Please provide the email address of the person you would like to add to this team. The email address must be associated with an existing account." : "Lütfen bu ekibe eklemek istediğiniz kişinin e-posta adresini sağlayın. E-posta adresi mevcut bir hesapla ilişkilendirilmelidir.",
    "Profile Information" : "Profil Bilgileri",
    "Profile" : "Profil",
    "Recovery Code" : "Kurtarma Kodu",
    "Regards": "En iyi dileklerle",
    "Regenerate Recovery Codes" : "Kurtarma Kodunu Tekrar Üret",
    "Register": "Kayıt Ol",
    "Remember me" : "Beni Hatırla",
    "Remember Me": "Beni Hatırla",
    "Remove Photo" : "Resimi Kaldır",
    "Remove Team Member" : "Ekip Üyesini Kaldır ",
    "Remove" : "Kaldır",
    "Resend Verification Email": "Onay Mailini Tekrar Gönder",
    "Reset Password Notification": "Parola Sıfırlama Bildirimi",
    "Reset Password": "Parolayı Sıfırla",
    "results" : "sonuçlar",
    "Role" : "Rol",
    "Save" : "Kaydet",
    "Saved." : "Kaydedildi.",
    "Select A New Photo" : "Select A New Photo",
    "Send Password Reset Link": "Parola Sıfırlama Bağlantısı Gönder",
    "Server Error": "Sunucu Hatası",
    "Service Unavailable": "Hizmet Kullanılamıyor",
    "Show Recovery Codes" : "Show Recovery Codes",
    "Showing" : "Showing",
    "Sorry, the page you are looking for could not be found.": "Üzgünüz, aradığınız sayfa bulunamadı.",
    "Sorry, we are doing some maintenance. Please check back soon.": "Üzgünüz, biraz bakım yapıyoruz. Lütfen kısa bir süre sonra tekrar kontrol edin.",
    "Sorry, you are forbidden from accessing this page.": "Üzgünüz, bu sayfaya erişmeniz yasaklandı.",
    "Sorry, you are making too many requests to our servers.": "Üzgünüz, sunucularımıza çok fazla istekte bulunuyorsunuz.",
    "Sorry, you are not authorized to access this page.": "Üzgünüz, bu sayfaya erişme izniniz yok.",
    "Sorry, your session has expired. Please refresh and try again.": "Üzgünüz, oturumunuzun süresi doldu. Lütfen yenileyin ve tekrar deneyin.",
    "Store these recovery codes in a secure password manager. They can be used to recover access to your account if your two factor authentication device is lost." : "Bu kurtarma kodlarını güvenli bir şifre yöneticisinde saklayın. İki faktörlü kimlik doğrulama cihazınız kaybolursa hesabınıza erişimi kurtarmak için kullanılabilirler.",
    "Switch Teams" : "Ekip Değiştir",
    "Team Details" : "Ekip Detayları",
    "Team Members" : "Ekip Üyeleri",
    "Team Name" : "Ekip İsmi",
    "Team Owner" : "Ekip Sahibi",
    "Team Settings" : "Ekip Ayarları",
    "Thanks for signing up! Before getting started, could you verify your email address by clicking on the link we just emailed to you? If you didn't receive the email, we will gladly send you another." : "Üye olduğunuz için teşekkürler! Başlamadan önce, size az önce gönderdiğimiz bağlantıya tıklayarak e-posta adresinizi doğrulayabilir misiniz? E-postayı almadıysanız, size memnuniyetle başka bir e-posta göndereceğiz.",
    "The :attribute must be a valid role.": ":attribute geçerli bir rol olmalıdır.",
    "The :attribute must be at least :length characters and contain at least one number." : ":attribute en az :length karakterli olmalı ve en az bir sayı içermelidir.",
    "The :attribute must be at least :length characters and contain at least one special character." : ":attribute en az :length karakterli olmalı ve en az bir özel karakter içermelidir",
    "The :attribute must be at least :length characters and contain at least one uppercase character and one number." : ":attribute en az :length karakterli olmalı ve en az birer büyük harf ve sayı içermelidir",
    "The :attribute must be at least :length characters and contain at least one uppercase character and one special character." : ":attribute en az :length karakterli olmalı ve en az birer büyük harf ve özel karakter içermelidir",
    "The :attribute must be at least :length characters and contain at least one uppercase character, one number, and one special character." : ":attribute en az :length karakterli olmalı ve en az birer büyük harf, sayı ve özel karakter içermelidir",
    "The :attribute must be at least :length characters and contain at least one uppercase character." : ":attribute en az :length karakterli olmalı ve en az bir büyük harf içermelidir",
    "The :attribute must be at least :length characters." : " :attribute en az :length karakterli olmalı.",
    "The provided password does not match your current password." : "Sağlanan şifre mevcut şifrenizle eşleşmiyor.",
    "The provided password was incorrect." : "Sağlanan şifre yanlıştı.",
    "The provided two factor authentication code was invalid." : "Sağlanan iki faktörlü kimlik doğrulama kodu geçersizdi.",
    "The team's name and owner information." : "Takımın adı ve sahibi bilgileri.",
    "This action is unauthorized.": "Bu işleme izin verilmiyor.",
    "This device" : "Bu cihaz",
    "This password does not match our records.": "Şifreniz kayıtlarımızla eşleşmiyor.",
    "This password reset link will expire in :count minutes.": "Bu parola sıfırlama bağlantısının geçerliliği :count dakika sonra sona erecek.",
    "This user already belongs to the team.": "Bu kullanıcı zaten ekibe ait.",
    "to" : "a",
    "Toggle navigation": "Menüyü Aç/Kapat",
    "Token Name" : "Jeston İsmi",
    "Too Many Attempts.": "Çok Fazla Deneme.",
    "Too Many Requests": "Çok Fazla İstek",
    "Two factor authentication is now enabled. Scan the following QR code using your phone's authenticator application." : "İki faktörlü kimlik doğrulama artık etkinleştirilmiştir. Telefonunuzun kimlik doğrulama uygulamasını kullanarak aşağıdaki QR kodunu tarayın.",
    "Two Factor Authentication" : "İki Faktörlü Kimlik Doğrulama",
    "Unauthorized": "İzinsiz",
    "Update Password" : "Şifreyi Güncelle",
    "Update your account's profile information and email address." : "Hesabınızın profil bilgilerini ve e-posta adresini güncelleyin.",
    "Use a recovery code": "Kurtarma kodu kullan",
    "Use an authentication code": "Bir kimlik doğrulama kodu kullanın",
    "Verify Email Address": "E-posta Adresini Doğrula",
    "Verify Your Email Address": "E-posta Adresinizi Doğrulayın",
    "We were unable to find a registered user with this email address.": "Bu e-posta adresiyle kayıtlı bir kullanıcı bulamadık.",
    "We won't ask for your password again for a few hours.": "Birkaç saat boyunca parolanızı tekrar sormayacağız",
    "When two factor authentication is enabled, you will be prompted for a secure, random token during authentication. You may retrieve this token from your phone's Google Authenticator application." : "İki faktörlü kimlik doğrulama etkinleştirildiğinde, kimlik doğrulama sırasında güvenli, rastgele bir belirteç girmeniz istenir. Bu belirteci, telefonunuzun Google Authenticator uygulamasından alabilirsiniz.",
    "Whoops, something went wrong on our servers.": "Hoppala, sunucularımızda bir şeyler ters gitti.",
    "Whoops! Something went wrong." : "Eyvaaah! Bir Şeyler Ters Gitt",
    "Whoops!": "Hoppala!",
    "You are logged in!": "Giriş yaptınız!",
    "You are receiving this email because we received a password reset request for your account.": "Hesabınız için bir parola sıfırlama talebi aldığımız için bu e-postayı alıyorsunuz.",
    "You have enabled two factor authentication." : "İki faktörlü kimlik doğrulamayı etkinleştirdiniz.",
    "You have not enabled two factor authentication." : "İki faktörlü kimlik doğrulamayı etkinleştirmediniz.",
    "You may delete any of your existing tokens if they are no longer needed." : "Artık ihtiyaç duyulmuyorsa mevcut jetonlarınızdan herhangi birini silebilirsiniz.",
    "You may not delete your personal team.": "Kişisel takımınızı silemezsiniz.",
    "You may not leave a team that you created.": "Kendi oluşturduğunuz bir takımdan ayrılamazsınız.",
    "Your email address is not verified.": "E-posta adresiniz doğrulanmadı."
}
